{
  "version": 1,
  "author": "Anonymous maker",
  "editor": "wokwi",
  "parts": [
    { "type": "wokwi-breadboard", "id": "bb1", "top": -22.2, "left": -26, "attrs": {} },
    { "type": "wokwi-breadboard-half", "id": "bb2", "top": -22.2, "left": -352.4, "attrs": {} },
    { "type": "wokwi-breadboard-half", "id": "bb3", "top": -22.2, "left": 626.8, "attrs": {} },
    { "type": "wokwi-breadboard-half", "id": "bb4", "top": -22.2, "left": -678.8, "attrs": {} },
    { "type": "wokwi-breadboard-half", "id": "bb5", "top": -22.2, "left": 953.2, "attrs": {} },
    { "type": "board-esp32-devkit-c-v4", "id": "esp", "top": -374.4, "left": 91.24, "attrs": {} },
    {
      "type": "board-ssd1306",
      "id": "oled1",
      "top": 41.54,
      "left": 413.03,
      "attrs": { "i2cAddress": "0x3c" }
    },
    { "type": "wokwi-led", "id": "led1", "top": 6, "left": 195.8, "attrs": { "color": "red" } },
    {
      "type": "wokwi-buzzer",
      "id": "bz1",
      "top": -36,
      "left": 299.4,
      "attrs": { "volume": "0.1" }
    },
    {
      "type": "wokwi-resistor",
      "id": "r1",
      "top": 51.95,
      "left": 220.8,
      "attrs": { "value": "1000" }
    },
    {
      "type": "wokwi-resistor",
      "id": "r2",
      "top": 51.95,
      "left": 336,
      "attrs": { "value": "1000" }
    },
    {
      "type": "wokwi-pushbutton",
      "id": "btn1",
      "top": 66.6,
      "left": 89.4,
      "rotate": 90,
      "attrs": { "color": "red", "label": "CANCEL" }
    },
    {
      "type": "wokwi-resistor",
      "id": "r3",
      "top": 128.75,
      "left": 57.6,
      "attrs": { "value": "1000" }
    },
    {
      "type": "wokwi-pushbutton",
      "id": "btn2",
      "top": 60.6,
      "left": -300.6,
      "rotate": 90,
      "attrs": { "color": "orange", "label": "DOWN" }
    },
    {
      "type": "wokwi-pushbutton",
      "id": "btn3",
      "top": 60.6,
      "left": -204.6,
      "rotate": 90,
      "attrs": { "color": "yellow", "label": "UP" }
    },
    {
      "type": "wokwi-pushbutton",
      "id": "btn4",
      "top": 60.6,
      "left": -108.6,
      "rotate": 90,
      "attrs": { "color": "green", "label": "OK" }
    },
    {
      "type": "wokwi-resistor",
      "id": "r4",
      "top": 128.75,
      "left": -326.4,
      "attrs": { "value": "1000" }
    },
    {
      "type": "wokwi-resistor",
      "id": "r5",
      "top": 128.75,
      "left": -230.4,
      "attrs": { "value": "1000" }
    },
    {
      "type": "wokwi-resistor",
      "id": "r6",
      "top": 128.75,
      "left": -134.4,
      "attrs": { "value": "1000" }
    },
    {
      "type": "wokwi-dht22",
      "id": "dht1",
      "top": -460.5,
      "left": -322.2,
      "attrs": { "temperature": "31.5", "humidity": "35.5" }
    },
    {
      "type": "wokwi-led",
      "id": "led2",
      "top": 6,
      "left": 704.6,
      "attrs": { "color": "red", "label": "TEMP INDICATOR" }
    },
    {
      "type": "wokwi-led",
      "id": "led3",
      "top": 6,
      "left": 829.4,
      "attrs": { "color": "blue", "label": "HUMIDITY INDICATOR" }
    },
    {
      "type": "wokwi-resistor",
      "id": "r7",
      "top": 51.95,
      "left": 729.6,
      "attrs": { "value": "1000" }
    },
    {
      "type": "wokwi-resistor",
      "id": "r8",
      "top": 51.95,
      "left": 854.4,
      "attrs": { "value": "1000" }
    },
    {
      "type": "wokwi-photoresistor-sensor",
      "id": "ldr1",
      "top": -0.3,
      "left": -562.3,
      "rotate": 90,
      "attrs": { "label": "LEFT LDR" }
    },
    {
      "type": "wokwi-photoresistor-sensor",
      "id": "ldr2",
      "top": -0.3,
      "left": 1088.9,
      "rotate": 90,
      "attrs": { "label": "RIGHT LDR" }
    },
    {
      "type": "wokwi-servo",
      "id": "servo1",
      "top": -20.2,
      "left": -862.2,
      "rotate": 270,
      "attrs": {}
    }
  ],
  "connections": [
    [ "esp:TX", "$serialMonitor:RX", "", [] ],
    [ "esp:RX", "$serialMonitor:TX", "", [] ],
    [ "bb1:bp.50", "bb1:tp.50", "red", [ "v-0.9", "h18.4", "v-172.8" ] ],
    [ "bb1:bn.50", "bb1:tn.50", "black", [ "v-1.3", "h28", "v-182.4" ] ],
    [ "bb1:tp.49", "esp:3V3", "red", [ "v-383.7", "h-567.2", "v48" ] ],
    [ "bb1:tn.48", "esp:GND.2", "black", [ "v0" ] ],
    [ "oled1:GND", "bb1:tn.39", "black", [ "v0" ] ],
    [ "oled1:VCC", "bb1:tp.40", "red", [ "v0" ] ],
    [ "oled1:SCL", "esp:22", "green", [ "v0" ] ],
    [ "oled1:SDA", "esp:21", "blue", [ "v0" ] ],
    [ "bb1:23t.d", "bb1:tn.16", "black", [ "h-19.2", "v-57.5" ] ],
    [ "bb1:35t.d", "bb1:tn.25", "black", [ "h-28.8", "v-57.5" ] ],
    [ "bb1:30t.a", "esp:5", "green", [ "v0" ] ],
    [ "bb1:42t.a", "esp:15", "green", [ "v0" ] ],
    [ "bb1:7b.i", "bb1:bp.5", "red", [ "v0" ] ],
    [ "btn1:1.l", "bb1:tn.11", "black", [ "v0" ] ],
    [ "bb1:bp.1", "bb2:bp.25", "red", [ "v-0.9", "h-68" ] ],
    [ "bb1:bn.1", "bb2:bn.25", "black", [ "v0" ] ],
    [ "bb1:tp.1", "bb2:tp.25", "red", [ "v0" ] ],
    [ "bb1:tn.1", "bb2:tn.25", "black", [ "v0" ] ],
    [ "bb2:1b.i", "bb2:bp.1", "red", [ "v0" ] ],
    [ "bb2:11b.i", "bb2:bp.9", "red", [ "v0" ] ],
    [ "bb2:21b.i", "bb2:bp.17", "red", [ "v0" ] ],
    [ "bb2:29t.c", "bb2:tn.24", "black", [ "v0" ] ],
    [ "btn4:2.l", "esp:32", "green", [ "v0" ] ],
    [ "btn3:2.l", "esp:33", "green", [ "v0" ] ],
    [ "bb2:9t.c", "bb2:tn.7", "black", [ "v0" ] ],
    [ "bb2:19t.c", "bb2:tn.16", "black", [ "v0" ] ],
    [ "dht1:VCC", "bb2:tp.2", "red", [ "v0" ] ],
    [ "dht1:GND", "bb2:tn.5", "black", [ "v0" ] ],
    [ "dht1:SDA", "esp:12", "gold", [ "v0" ] ],
    [ "bb1:tp.47", "bb3:tp.1", "red", [ "v0" ] ],
    [ "bb1:tn.47", "bb3:tn.1", "black", [ "v0" ] ],
    [ "bb1:bp.49", "bb3:bp.1", "red", [ "v0" ] ],
    [ "bb1:bn.49", "bb3:bn.1", "black", [ "v0" ] ],
    [ "bb3:8t.d", "bb3:bn.6", "black", [ "v0" ] ],
    [ "bb3:21t.d", "bb3:bn.17", "black", [ "v0" ] ],
    [ "bb3:15t.c", "esp:18", "green", [ "v0" ] ],
    [ "bb3:28t.c", "esp:19", "green", [ "v0" ] ],
    [ "bb2:tp.1", "bb4:tp.25", "red", [ "v0" ] ],
    [ "bb2:tn.1", "bb4:tn.25", "black", [ "v0" ] ],
    [ "bb2:bn.2", "bb4:bn.25", "black", [ "v0" ] ],
    [ "bb2:bp.2", "bb4:bp.25", "red", [ "v0" ] ],
    [ "bb3:tp.25", "bb5:tp.1", "red", [ "v0" ] ],
    [ "bb3:tn.25", "bb5:tn.1", "black", [ "v0" ] ],
    [ "bb3:bp.25", "bb5:bp.1", "red", [ "v0" ] ],
    [ "bb3:bn.25", "bb5:bn.1", "black", [ "v0" ] ],
    [ "oled1:GND", "bb1:48t.c", "", [ "$bb" ] ],
    [ "oled1:VCC", "bb1:49t.c", "", [ "$bb" ] ],
    [ "oled1:SCL", "bb1:50t.c", "", [ "$bb" ] ],
    [ "oled1:SDA", "bb1:51t.c", "", [ "$bb" ] ],
    [ "led1:A", "bb1:24t.c", "", [ "$bb" ] ],
    [ "led1:C", "bb1:23t.c", "", [ "$bb" ] ],
    [ "bz1:1", "bb1:35t.c", "", [ "$bb" ] ],
    [ "bz1:2", "bb1:36t.c", "", [ "$bb" ] ],
    [ "r1:1", "bb1:24t.d", "", [ "$bb" ] ],
    [ "r1:2", "bb1:30t.d", "", [ "$bb" ] ],
    [ "r2:1", "bb1:36t.d", "", [ "$bb" ] ],
    [ "r2:2", "bb1:42t.d", "", [ "$bb" ] ],
    [ "r3:1", "bb1:7b.j", "", [ "$bb" ] ],
    [ "r3:2", "bb1:13b.j", "", [ "$bb" ] ],
    [ "btn2:1.l", "bb2:9t.d", "", [ "$bb" ] ],
    [ "btn2:2.l", "bb2:7t.d", "", [ "$bb" ] ],
    [ "btn2:1.r", "bb2:9b.i", "", [ "$bb" ] ],
    [ "btn2:2.r", "bb2:7b.i", "", [ "$bb" ] ],
    [ "btn3:1.l", "bb2:19t.d", "", [ "$bb" ] ],
    [ "btn3:2.l", "bb2:17t.d", "", [ "$bb" ] ],
    [ "btn3:1.r", "bb2:19b.i", "", [ "$bb" ] ],
    [ "btn3:2.r", "bb2:17b.i", "", [ "$bb" ] ],
    [ "btn4:1.l", "bb2:29t.d", "", [ "$bb" ] ],
    [ "btn4:2.l", "bb2:27t.d", "", [ "$bb" ] ],
    [ "btn4:1.r", "bb2:29b.i", "", [ "$bb" ] ],
    [ "btn4:2.r", "bb2:27b.i", "", [ "$bb" ] ],
    [ "r4:1", "bb2:1b.j", "", [ "$bb" ] ],
    [ "r4:2", "bb2:7b.j", "", [ "$bb" ] ],
    [ "r5:1", "bb2:11b.j", "", [ "$bb" ] ],
    [ "r5:2", "bb2:17b.j", "", [ "$bb" ] ],
    [ "r6:1", "bb2:21b.j", "", [ "$bb" ] ],
    [ "r6:2", "bb2:27b.j", "", [ "$bb" ] ],
    [ "led2:A", "bb3:9t.c", "", [ "$bb" ] ],
    [ "led2:C", "bb3:8t.c", "", [ "$bb" ] ],
    [ "led3:A", "bb3:22t.c", "", [ "$bb" ] ],
    [ "led3:C", "bb3:21t.c", "", [ "$bb" ] ],
    [ "r7:1", "bb3:9t.d", "", [ "$bb" ] ],
    [ "r7:2", "bb3:15t.d", "", [ "$bb" ] ],
    [ "r8:1", "bb3:22t.d", "", [ "$bb" ] ],
    [ "r8:2", "bb3:28t.d", "", [ "$bb" ] ],
    [ "bb5:23b.i", "bb5:bp.19", "red", [ "v0" ] ],
    [ "bb5:22b.i", "bb5:bn.18", "black", [ "v0" ] ],
    [ "ldr2:VCC", "bb5:23b.h", "", [ "$bb" ] ],
    [ "ldr2:GND", "bb5:22b.h", "", [ "$bb" ] ],
    [ "ldr2:DO", "bb5:21b.h", "", [ "$bb" ] ],
    [ "ldr2:AO", "bb5:20b.h", "", [ "$bb" ] ],
    [ "bb5:20b.i", "bb5:15b.i", "cyan", [ "v0" ] ],
    [ "ldr1:VCC", "bb4:21b.h", "", [ "$bb" ] ],
    [ "ldr1:GND", "bb4:20b.h", "", [ "$bb" ] ],
    [ "ldr1:DO", "bb4:19b.h", "", [ "$bb" ] ],
    [ "ldr1:AO", "bb4:18b.h", "", [ "$bb" ] ],
    [ "btn1:2.l", "esp:2", "green", [ "v-159.6", "h99.4", "v-115.2" ] ],
    [ "btn2:2.l", "esp:4", "green", [ "v-134.4", "h518.2", "v-153.6", "h-9.6" ] ],
    [ "bb4:21b.i", "bb4:bp.17", "red", [ "v0" ] ],
    [ "bb4:20b.i", "bb4:bn.16", "black", [ "v0" ] ],
    [ "bb4:18b.i", "bb4:10b.i", "cyan", [ "v0" ] ],
    [ "bb4:10b.h", "esp:34", "cyan", [ "v0" ] ],
    [ "esp:35", "bb5:15b.h", "cyan", [ "h-172.65", "v-124.8", "h1200" ] ],
    [ "servo1:V+", "bb4:bp.1", "red", [ "v0" ] ],
    [ "servo1:GND", "bb4:bn.1", "black", [ "v0" ] ],
    [ "esp:14", "servo1:PWM", "magenta", [ "h-287.85", "v0", "h-537.6", "v384", "h-38.4" ] ]
  ],
  "dependencies": {}
}